unix_timestamp,temperature
1736211474655125,29.8984375
1736211475655126,30.0625
1736211476655128,30.203125
1736211477655130,30.3046875
1736211478655132,30.390625
1736211479655133,30.4609375
1736211480655135,30.515625
1736211481655136,30.625
1736211482655138,30.6875
1736211483655140,30.78125
1736211484655141,30.8515625
1736211485655143,30.890625
1736211486655144,30.90625
1736211487655146,30.9140625
1736211488655148,30.9453125
1736211489655149,30.9609375
1736211490655151,30.9765625
1736211491655152,30.9765625
1736211492655154,30.9765625
1736211493655156,30.9609375
1736211494655157,30.9375
1736211495655159,30.9453125
1736211496655160,30.96875
1736211497655162,30.953125
1736211498655164,30.96875
1736211499655165,30.9765625
1736211500655167,31.0390625
1736211501655168,31.078125
1736211502655170,31.1171875
1736211503655172,31.15625
1736211504655173,31.1640625
1736211505655175,31.15625
1736211506655176,31.2109375
1736211507655178,31.234375
1736211508655180,31.21875
1736211509655181,31.2265625
1736211510655183,31.21875
1736211511655184,31.2265625
1736211512655186,31.25
1736211513655188,31.3125
1736211514655189,31.359375
1736211515655191,31.4140625
1736211516655192,31.46875
1736211517655194,31.5
1736211518655196,31.5234375
1736211519655198,31.5703125
1736211520655199,31.59375
1736211521655201,31.578125
1736211522655202,31.578125
1736211523655204,31.5703125
1736211524655206,31.546875
1736211525655207,31.5546875
1736211526655209,31.5390625
1736211527655210,31.5546875
1736211528655212,31.5625
1736211529655214,31.5546875
1736211530655215,31.546875
1736211531655217,31.5546875
1736211532655218,31.5390625
1736211533655220,31.515625
1736211534655222,31.5234375
1736211535655223,31.5390625
1736211536655225,31.53125
1736211537655226,31.546875
1736211538655228,31.546875
1736211539655230,31.5390625
1736211540655231,31.5625
1736211541655233,31.5703125
1736211542655234,31.5546875
1736211543655236,31.5546875
1736211544655238,31.578125
1736211545655239,31.578125
1736211546655241,31.5703125
1736211547655242,31.5703125
1736211548655244,31.5703125
1736211549655246,31.5625
1736211550655247,31.5703125
1736211551655249,31.5703125
1736211552655250,31.5703125
1736211553655252,31.5703125
1736211554655254,31.59375
1736211555655255,31.5859375
1736211556655257,31.5859375
1736211557655258,31.578125
1736211558655260,31.59375
1736211559655262,31.578125
1736211560655264,31.59375
1736211561655265,31.5859375
1736211562655266,31.59375
1736211563655268,31.59375
1736211564655270,31.5859375
1736211565655272,31.59375
1736211566655273,31.59375
1736211567655275,31.59375
1736211568655276,31.6015625
1736211569655278,31.6171875
1736211570655280,31.609375
1736211571655281,31.609375
1736211572655283,31.625
1736211573655284,31.6171875
1736211574655286,31.625
1736211575655288,31.625
1736211576655289,31.6328125
1736211577655291,31.625
1736211578655292,31.6171875
1736211579655294,31.625
1736211580655296,31.625
1736211581655297,31.640625
1736211582655299,31.640625
1736211583655300,31.640625
1736211584655302,31.640625
1736211585655304,31.65625
1736211586655305,31.640625
1736211587655307,31.6640625
1736211588655308,31.65625
1736211589655310,31.65625
1736211590655312,31.65625
1736211591655313,31.65625
1736211592655315,31.671875
1736211593655316,31.6796875
1736211594655318,31.671875
1736211595655320,31.65625
1736211596655321,31.6875
1736211597655323,31.6796875
1736211598655324,31.6796875
1736211599655326,31.6953125
1736211600655328,31.6875
1736211601655330,31.6953125
1736211602655331,31.6953125
1736211603655332,31.6875
1736211604655334,31.6953125
1736211605655336,31.703125
1736211606655338,31.703125
1736211607655339,31.6953125
1736211608655341,31.703125
1736211609655342,31.71875
1736211610655344,31.7109375
1736211611655346,31.71875
1736211612655347,31.71875
1736211613655349,31.71875
1736211614655350,31.734375
1736211615655352,31.7265625
1736211616655354,31.7265625
1736211617655355,31.71875
1736211618655357,31.734375
1736211619655358,31.7265625
1736211620655360,31.7421875
1736211621655362,31.7421875
1736211622655363,31.75
1736211623655365,31.7421875
1736211624655366,31.7421875
1736211625655368,31.75
1736211626655370,31.734375
1736211627655371,31.7421875
1736211628655373,31.75
1736211629655374,31.7578125
1736211630655376,31.7578125
1736211631655378,31.765625
1736211632655379,31.765625
1736211633655381,31.7734375
1736211634655382,31.7734375
1736211635655384,31.78125
1736211636655386,31.78125
1736211637655387,31.7734375
1736211638655389,31.78125
1736211639655390,31.78125
1736211640655392,31.7890625
1736211641655394,31.7890625
1736211642655395,31.78125
1736211643655397,31.796875
1736211644655398,31.796875
1736211645655400,31.7890625
1736211646655402,31.7890625
1736211647655404,31.796875
1736211648655405,31.8125
1736211649655407,31.796875
1736211650655408,31.8125
1736211651655410,31.8125
1736211652655412,31.8125
1736211653655413,31.8203125
1736211654655415,31.828125
1736211655655416,31.8203125
1736211656655418,31.828125
1736211657655420,31.8203125
1736211658655421,31.828125
1736211659655423,31.8203125
1736211660655424,31.8359375
1736211661655426,31.8359375
1736211662655428,31.828125
1736211663655429,31.828125
1736211664655431,31.8515625
1736211665655432,31.8515625
1736211666655434,31.828125
1736211667655436,31.8515625
1736211668655437,31.8515625
1736211669655439,31.8671875
1736211670655440,31.8671875
1736211671655442,31.859375
1736211672655444,31.8671875
1736211673655445,31.8671875
1736211674655447,31.875
1736211675655448,31.8671875
1736211676655450,31.8828125
1736211677655452,31.875
1736211678655453,31.875
1736211679655455,31.890625
1736211680655456,31.8984375
1736211681655458,31.8828125
1736211682655460,31.890625
1736211683655461,31.890625
1736211684655463,31.890625
1736211685655464,31.890625
1736211686655466,31.8984375
1736211687655468,31.890625
1736211688655470,31.890625
1736211689655471,31.8984375
1736211690655472,31.8984375
1736211691655474,31.921875
1736211692655476,31.90625
1736211693655478,31.8984375
1736211694655479,31.9140625
1736211695655481,31.8984375
1736211696655482,31.90625
1736211697655484,31.921875
1736211698655486,31.921875
1736211699655487,31.9140625
1736211700655489,31.9296875
1736211701655490,31.9140625
1736211702655492,31.9296875
1736211703655494,31.9375
1736211704655495,31.9453125
1736211705655497,31.9375
1736211706655498,31.9375
1736211707655500,31.953125
1736211708655502,31.9453125
1736211709655503,31.9453125
1736211710655505,31.953125
1736211711655506,31.953125
1736211712655508,31.953125
1736211713655510,31.9453125
1736211714655511,31.9609375
1736211715655513,31.953125
1736211716655514,31.953125
1736211717655516,31.9375
1736211718655518,31.9375
1736211719655519,31.9609375
1736211720655521,31.953125
1736211721655522,31.9609375
1736211722655524,31.96875
1736211723655526,31.9375
1736211724655527,31.9765625
1736211725655529,31.9765625
1736211726655530,31.9609375
1736211727655532,31.9609375
1736211728655534,31.9921875
1736211729655536,31.9765625
1736211730655537,31.984375
1736211731655538,31.984375
1736211732655540,31.9921875
1736211733655542,32.0
1736211734655544,32.0
1736211735655545,31.9765625
1736211736655547,31.9921875
1736211737655548,31.9921875
1736211738655550,32.0078125
1736211739655552,32.0078125
1736211740655553,31.9921875
1736211741655555,32.0
1736211742655556,32.0078125
1736211743655558,32.0078125
1736211744655560,32.0078125
1736211745655561,32.015625
1736211746655563,32.0
1736211747655564,32.015625
1736211748655566,32.03125
1736211749655568,32.0390625
1736211750655569,32.03125
1736211751655571,32.015625
1736211752655572,32.0234375
1736211753655574,32.0234375
1736211754655576,32.015625
1736211755655577,32.03125
1736211756655579,32.03125
1736211757655580,32.015625
1736211758655582,32.0234375
1736211759655584,32.0390625
1736211760655585,32.0234375
1736211761655587,32.046875
1736211762655588,32.0546875
1736211763655590,32.0625
1736211764655592,32.046875
1736211765655593,32.0546875
1736211766655595,32.0390625
1736211767655596,32.0546875
1736211768655598,32.046875
1736211769655600,32.0546875
1736211770655601,32.0625
1736211771655603,32.0703125
1736211772655604,32.0703125
1736211773655606,32.0625
1736211774655608,32.0703125
1736211775655610,32.078125
1736211776655611,32.078125
1736211777655613,32.0703125
1736211778655614,32.0859375
1736211779655616,32.0703125
1736211780655618,32.078125
1736211781655619,32.0859375
1736211782655621,32.09375
1736211783655622,32.0703125
1736211784655624,32.0859375
1736211785655626,32.09375
1736211786655627,32.09375
1736211787655629,32.09375
1736211788655630,32.0703125
1736211789655632,32.09375
1736211790655634,32.1015625
1736211791655635,32.0703125
1736211792655637,32.0859375
1736211793655638,32.09375
1736211794655640,32.09375
1736211795655642,32.109375
1736211796655643,32.09375
1736211797655645,32.09375
1736211798655646,32.1015625
1736211799655648,32.1015625
1736211800655650,32.109375
1736211801655651,32.1015625
1736211802655653,32.109375
1736211803655654,32.1015625
1736211804655656,32.1171875
1736211805655658,32.1015625
1736211806655659,32.1171875
1736211807655661,32.1015625
1736211808655662,32.109375
1736211809655664,32.1171875
1736211810655666,32.109375
1736211811655667,32.109375
1736211812655669,32.1171875
1736211813655670,32.1171875
1736211814655672,32.109375
1736211815655674,32.1171875
1736211816655676,32.1171875
1736211817655677,32.1171875
1736211818655678,32.1171875
1736211819655680,32.1328125
1736211820655682,32.1171875
1736211821655684,32.1171875
1736211822655685,32.125
1736211823655687,32.140625
1736211824655688,32.1328125
1736211825655690,32.140625
1736211826655692,32.1171875
1736211827655693,32.1328125
1736211828655695,32.140625
1736211829655696,32.140625
1736211830655698,32.1328125
1736211831655700,32.1328125
1736211832655701,32.1328125
1736211833655703,32.140625
1736211834655704,32.1328125
1736211835655706,32.1171875
1736211836655708,32.1328125
1736211837655709,32.125
1736211838655711,32.140625
1736211839655712,32.1328125
1736211840655714,32.140625
1736211841655716,32.1328125
1736211842655717,32.140625
1736211843655719,32.140625
1736211844655720,32.1328125
1736211845655722,32.140625
1736211846655724,32.140625
1736211847655725,32.140625
1736211848655727,32.140625
1736211849655728,32.1484375
1736211850655730,32.1484375
1736211851655732,32.1484375
1736211852655733,32.1484375
1736211853655735,32.140625
1736211854655736,32.1484375
1736211855655738,32.15625
1736211856655740,32.1484375
1736211857655741,32.1484375
1736211858655743,32.1484375
1736211859655744,32.1640625
1736211860655746,32.140625
1736211861655748,32.1640625
1736211862655750,32.15625
1736211863655751,32.1640625
1736211864655753,32.15625
1736211865655754,32.1640625
1736211866655756,32.1640625
1736211867655758,32.1640625
1736211868655759,32.1640625
1736211869655761,32.1640625
1736211870655762,32.15625
1736211871655764,32.15625
1736211872655766,32.1796875
1736211873655767,32.1640625
1736211874655769,32.171875
1736211875655770,32.1640625
1736211876655772,32.1640625
1736211877655774,32.1640625
1736211878655775,32.171875
1736211879655777,32.171875
1736211880655778,32.1796875
1736211881655780,32.15625
1736211882655782,32.171875
1736211883655783,32.171875
1736211884655785,32.171875
1736211885655786,32.1875
1736211886655788,32.171875
1736211887655790,32.171875
1736211888655791,32.171875
1736211889655793,32.1796875
1736211890655794,32.1875
1736211891655796,32.1640625
1736211892655798,32.1875
1736211893655799,32.1796875
1736211894655801,32.1796875
1736211895655802,32.171875
1736211896655804,32.1875
1736211897655806,32.171875
1736211898655807,32.1953125
1736211899655809,32.1796875
1736211900655810,32.1875
1736211901655812,32.1796875
1736211902655814,32.1796875
1736211903655816,32.1953125
1736211904655817,32.1875
1736211905655818,32.1796875
1736211906655820,32.1875
1736211907655822,32.1796875
1736211908655824,32.1484375
1736211909655825,32.1796875
1736211910655827,32.171875
1736211911655828,32.1875
1736211912655830,32.1875
1736211913655832,32.1953125
1736211914655833,32.1875
1736211915655835,32.1875
1736211916655836,32.171875
1736211917655838,32.1953125
1736211918655840,32.1796875
1736211919655841,32.203125
1736211920655843,32.1875
1736211921655844,32.1875
1736211922655846,32.203125
1736211923655848,32.203125
1736211924655849,32.203125
1736211925655851,32.1953125
1736211926655852,32.1953125
1736211927655854,32.2109375
1736211928655856,32.2109375
1736211929655857,32.2109375
1736211930655859,32.2109375
1736211931655860,32.203125
1736211932655862,32.21875
1736211933655864,32.21875
1736211934655865,32.2109375
1736211935655867,32.2265625
1736211936655868,32.21875
1736211937655870,32.2265625
1736211938655872,32.21875
1736211939655873,32.21875
1736211940655875,32.21875
1736211941655876,32.2265625
1736211942655878,32.21875
1736211943655880,32.21875
1736211944655882,32.2265625
1736211945655883,32.2265625
1736211946655884,32.21875
1736211947655886,32.2421875
1736211948655888,32.2265625
1736211949655890,32.21875
1736211950655891,32.234375
1736211951655893,32.21875
1736211952655894,32.2421875
1736211953655896,32.234375
1736211954655898,32.2421875
1736211955655899,32.2265625
1736211956655901,32.2421875
1736211957655902,32.2578125
1736211958655904,32.234375
1736211959655906,32.25
1736211960655907,32.2421875
1736211961655909,32.2421875
1736211962655910,32.25
1736211963655912,32.25
1736211964655914,32.25
1736211965655915,32.25
1736211966655917,32.2421875
1736211967655918,32.2578125
1736211968655920,32.2578125
1736211969655922,32.25
1736211970655923,32.2578125
1736211971655925,32.2421875
1736211972655926,32.265625
1736211973655928,32.2578125
1736211974655930,32.2578125
1736211975655931,32.265625
1736211976655933,32.265625
1736211977655934,32.2578125
1736211978655936,32.2578125
1736211979655938,32.265625
1736211980655939,32.25
1736211981655941,32.25
1736211982655942,32.2578125
1736211983655944,32.265625
1736211984655946,32.25
1736211985655947,32.2734375
1736211986655949,32.265625
1736211987655950,32.234375
1736211988655952,32.265625
1736211989655954,32.2734375
1736211990655956,32.234375
1736211991655957,32.2578125
1736211992655959,32.265625
1736211993655960,32.2578125
1736211994655962,32.28125
1736211995655964,32.265625
1736211996655965,32.265625
1736211997655967,32.2578125
1736211998655968,32.2578125
1736211999655970,32.265625
1736212000655972,32.2734375
1736212001655973,32.2734375
1736212002655975,32.28125
1736212003655976,32.28125
1736212004655978,32.2578125
1736212005655980,32.28125
1736212006655981,32.2734375
1736212007655983,32.2734375
1736212008655984,32.2734375
1736212009655986,32.28125
1736212010655988,32.2734375
1736212011655989,32.2734375
1736212012655991,32.28125
1736212013655992,32.2734375
1736212014655994,32.28125
1736212015655996,32.296875
1736212016655997,32.2890625
1736212017655999,32.28125
1736212018656000,32.265625
1736212019656002,32.28125
1736212020656004,32.2734375
1736212021656005,32.2734375
1736212022656007,32.28125
1736212023656008,32.296875
1736212024656010,32.265625
1736212025656012,32.2734375
1736212026656013,32.28125
1736212027656015,32.28125
1736212028656016,32.2734375
1736212029656018,32.2734375
1736212030656020,32.2734375
1736212031656022,32.3046875
1736212032656023,32.28125
1736212033656024,32.28125
1736212034656026,32.2890625
1736212035656028,32.2890625
1736212036656030,32.2890625
1736212037656031,32.28125
1736212038656033,32.2890625
1736212039656034,32.2890625
1736212040656036,32.296875
1736212041656038,32.28125
1736212042656039,32.2890625
1736212043656041,32.28125
1736212044656042,32.28125
1736212045656044,32.28125
1736212046656046,32.2890625
1736212047656047,32.2890625
1736212048656049,32.2890625
1736212049656050,32.296875
1736212050656052,32.2890625
1736212051656054,32.2890625
1736212052656055,32.2734375
1736212053656057,32.2890625
1736212054656058,32.28125
1736212055656060,32.2734375
1736212056656062,32.2890625
1736212057656063,32.296875
1736212058656065,32.2734375
1736212059656066,32.28125
1736212060656068,32.2890625
1736212061656070,32.28125
1736212062656071,32.2890625
1736212063656073,32.2890625
1736212064656074,32.2890625
1736212065656076,32.2890625
1736212066656078,32.3046875
1736212067656079,32.296875
1736212068656081,32.296875
1736212069656082,32.296875
1736212070656084,32.3046875
1736212071656086,32.296875
1736212072656088,32.296875
1736212073656089,32.296875
1736212074656090,32.296875
1736212075656092,32.296875
1736212076656094,32.3046875
1736212077656096,32.2890625
1736212078656097,32.2890625
1736212079656099,32.3046875
1736212080656100,32.296875
1736212081656102,32.296875
1736212082656104,32.3046875
1736212083656105,32.296875
1736212084656107,32.3046875
1736212085656108,32.28125
1736212086656110,32.3125
1736212087656112,32.3046875
1736212088656113,32.3125
1736212089656115,32.296875
1736212090656116,32.3046875
1736212091656118,32.3046875
1736212092656120,32.3046875
1736212093656121,32.3203125
1736212094656123,32.3125
1736212095656124,32.3125
1736212096656126,32.3125
1736212097656128,32.3125
1736212098656129,32.3203125
1736212099656131,32.3125
1736212100656132,32.3125
1736212101656134,32.3203125
1736212102656136,32.3125
1736212103656137,32.3359375
1736212104656139,32.3203125
1736212105656140,32.328125
1736212106656142,32.328125
1736212107656144,32.328125
1736212108656145,32.328125
1736212109656147,32.34375
1736212110656148,32.3359375
1736212111656150,32.328125
1736212112656152,32.3203125
1736212113656153,32.3203125
1736212114656155,32.3359375
1736212115656156,32.3203125
1736212116656158,32.3359375
1736212117656160,32.34375
1736212118656162,32.3203125
1736212119656163,32.3359375
1736212120656165,32.3359375
1736212121656166,32.34375
1736212122656168,32.3203125
1736212123656170,32.34375
1736212124656171,32.3359375
1736212125656173,32.3359375
1736212126656174,32.3359375
1736212127656176,32.34375
1736212128656178,32.3515625
1736212129656179,32.3359375
1736212130656181,32.3359375
1736212131656182,32.3359375
1736212132656184,32.3515625
1736212133656186,32.34375
1736212134656187,32.359375
1736212135656189,32.3359375
1736212136656190,32.328125
1736212137656192,32.3359375
1736212138656194,32.3671875
1736212139656195,32.3515625
1736212140656197,32.3515625
1736212141656198,32.3515625
1736212142656200,32.34375
1736212143656202,32.3671875
1736212144656203,32.375
1736212145656205,32.359375
1736212146656206,32.359375
1736212147656208,32.3671875
1736212148656210,32.34375
1736212149656211,32.3359375
1736212150656213,32.3515625
1736212151656214,32.3515625
1736212152656216,32.3515625
1736212153656218,32.359375
1736212154656219,32.3671875
1736212155656221,32.359375
1736212156656222,32.375
1736212157656224,32.375
1736212158656226,32.359375
1736212159656228,32.3671875
1736212160656229,32.3671875
1736212161656230,32.375
1736212162656232,32.375
1736212163656234,32.3671875
1736212164656236,32.375
1736212165656237,32.3828125
1736212166656239,32.375
1736212167656240,32.3828125
1736212168656242,32.3828125
1736212169656244,32.3828125
1736212170656245,32.3671875
1736212171656247,32.375
1736212172656248,32.375
1736212173656250,32.390625
1736212174656252,32.375
1736212175656253,32.3828125
1736212176656255,32.375
1736212177656256,32.3828125
1736212178656258,32.3828125
1736212179656260,32.3828125
1736212180656261,32.3828125
1736212181656263,32.3828125
1736212182656264,32.390625
1736212183656266,32.3984375
1736212184656268,32.375
1736212185656269,32.3671875
1736212186656271,32.3828125
1736212187656272,32.390625
1736212188656274,32.390625
1736212189656276,32.3984375
1736212190656277,32.3984375
1736212191656279,32.40625
1736212192656280,32.3984375
1736212193656282,32.3984375
1736212194656284,32.3984375
1736212195656285,32.4140625
1736212196656287,32.3984375
1736212197656288,32.40625
1736212198656290,32.40625
1736212199656292,32.4140625
1736212200656293,32.3984375
1736212201656295,32.40625
1736212202656296,32.40625
1736212203656298,32.40625
1736212204656300,32.421875
1736212205656302,32.40625
1736212206656303,32.4140625
1736212207656305,32.4140625
1736212208656306,32.4140625
1736212209656308,32.4140625
1736212210656310,32.4140625
1736212211656311,32.421875
1736212212656313,32.421875
1736212213656314,32.4140625
1736212214656316,32.421875
1736212215656318,32.4296875
1736212216656319,32.421875
1736212217656321,32.421875
1736212218656322,32.4140625
1736212219656324,32.4296875
1736212220656326,32.421875
1736212221656327,32.421875
1736212222656329,32.4375
1736212223656330,32.4375
1736212224656332,32.4375
1736212225656334,32.4453125
1736212226656335,32.4375
1736212227656337,32.4375
1736212228656338,32.4453125
1736212229656340,32.4453125
1736212230656342,32.4453125
1736212231656343,32.4296875
1736212232656345,32.4296875
1736212233656346,32.4140625
1736212234656348,32.4375
1736212235656350,32.4453125
1736212236656351,32.4296875
1736212237656353,32.453125
1736212238656354,32.4375
1736212239656356,32.4453125
1736212240656358,32.4453125
1736212241656359,32.4453125
1736212242656361,32.4375
1736212243656362,32.4375
1736212244656364,32.4609375
1736212245656366,32.4453125
1736212246656368,32.4375
1736212247656369,32.4375
1736212248656370,32.4375
1736212249656372,32.4375
1736212250656374,32.4296875
1736212251656376,32.4375
1736212252656377,32.4609375
1736212253656379,32.4375
1736212254656380,32.421875
1736212255656382,32.4453125
1736212256656384,32.4453125
1736212257656385,32.421875
1736212258656387,32.4609375
1736212259656388,32.453125
1736212260656390,32.4296875
1736212261656392,32.453125
1736212262656393,32.453125
1736212263656395,32.4453125
1736212264656396,32.4453125
1736212265656398,32.453125
1736212266656400,32.453125
1736212267656401,32.4453125
1736212268656403,32.4453125
1736212269656404,32.4375
1736212270656406,32.4453125
1736212271656408,32.4609375
1736212272656409,32.4609375
1736212273656411,32.4609375
1736212274656412,32.453125
1736212275656414,32.4609375
1736212276656416,32.4453125
1736212277656417,32.4609375
1736212278656419,32.4609375
1736212279656420,32.4609375
1736212280656422,32.453125
1736212281656424,32.4609375
1736212282656425,32.4453125
1736212283656427,32.46875
1736212284656428,32.453125
1736212285656430,32.4453125
1736212286656432,32.4453125
1736212287656434,32.4609375
1736212288656435,32.4296875
1736212289656436,32.453125
1736212290656438,32.453125
1736212291656440,32.4453125
1736212292656442,32.4609375
1736212293656443,32.4609375
1736212294656445,32.4375
1736212295656446,32.4609375
1736212296656448,32.453125
1736212297656450,32.46875
1736212298656451,32.46875
1736212299656453,32.4609375
1736212300656454,32.4453125
1736212301656456,32.453125
1736212302656458,32.453125
1736212303656459,32.4609375
1736212304656461,32.453125
1736212305656462,32.453125
1736212306656464,32.4765625
1736212307656466,32.46875
1736212308656467,32.46875
1736212309656469,32.4609375
1736212310656470,32.4609375
1736212311656472,32.4609375
1736212312656474,32.4609375
1736212313656475,32.453125
1736212314656477,32.4609375
1736212315656478,32.46875
1736212316656480,32.4609375
1736212317656482,32.453125
1736212318656483,32.453125
1736212319656485,32.4609375
1736212320656486,32.4765625
1736212321656488,32.4765625
1736212322656490,32.4375
1736212323656491,32.46875
1736212324656493,32.4609375
1736212325656494,32.453125
1736212326656496,32.46875
1736212327656498,32.484375
1736212328656499,32.46875
1736212329656501,32.484375
1736212330656502,32.46875
1736212331656504,32.4765625
1736212332656506,32.4765625
1736212333656508,32.4765625
1736212334656509,32.4921875
1736212335656511,32.4765625
1736212336656512,32.484375
1736212337656514,32.46875
1736212338656516,32.484375
1736212339656517,32.484375
1736212340656519,32.4921875
1736212341656520,32.4765625
1736212342656522,32.484375
1736212343656524,32.4921875
1736212344656525,32.484375
1736212345656527,32.484375
1736212346656528,32.46875
1736212347656530,32.484375
1736212348656532,32.484375
1736212349656533,32.4921875
1736212350656535,32.4921875
1736212351656536,32.5
1736212352656538,32.4921875
1736212353656540,32.5
1736212354656541,32.4921875
1736212355656543,32.4921875
1736212356656544,32.4921875
1736212357656546,32.4921875
1736212358656548,32.5
1736212359656549,32.5078125
1736212360656551,32.4921875
1736212361656552,32.4921875
1736212362656554,32.5
1736212363656556,32.5078125
1736212364656557,32.5
1736212365656559,32.5078125
1736212366656560,32.5078125
1736212367656562,32.5
1736212368656564,32.4921875
1736212369656565,32.5
1736212370656567,32.5078125
1736212371656568,32.515625
1736212372656570,32.5078125
1736212373656572,32.515625
1736212374656574,32.5
1736212375656575,32.515625
1736212376656576,32.5
1736212377656578,32.5078125
1736212378656580,32.515625
1736212379656582,32.5078125
1736212380656583,32.515625
1736212381656585,32.5078125
1736212382656586,32.5
1736212383656588,32.515625
1736212384656590,32.515625
1736212385656591,32.5078125
1736212386656593,32.5234375
1736212387656594,32.53125
1736212388656596,32.515625
1736212389656598,32.5
1736212390656599,32.53125
1736212391656601,32.5234375
1736212392656602,32.53125
1736212393656604,32.53125
1736212394656606,32.53125
1736212395656607,32.53125
1736212396656609,32.5234375
1736212397656610,32.53125
1736212398656612,32.5390625
1736212399656614,32.5234375
1736212400656615,32.53125
1736212401656617,32.53125
1736212402656618,32.53125
1736212403656620,32.53125
1736212404656622,32.5390625
1736212405656623,32.53125
1736212406656625,32.546875
1736212407656626,32.5390625
1736212408656628,32.5390625
1736212409656630,32.5390625
1736212410656631,32.53125
1736212411656633,32.546875
1736212412656634,32.5390625
1736212413656636,32.546875
1736212414656638,32.5390625
1736212415656640,32.546875
1736212416656641,32.53125
1736212417656642,32.5390625
1736212418656644,32.546875
1736212419656646,32.546875
1736212420656648,32.5390625
1736212421656649,32.5390625
1736212422656651,32.5390625
1736212423656652,32.5234375
1736212424656654,32.546875
1736212425656656,32.546875
1736212426656657,32.5546875
1736212427656659,32.546875
1736212428656660,32.5546875
1736212429656662,32.5390625
1736212430656664,32.5546875
1736212431656665,32.53125
1736212432656667,32.53125
1736212433656668,32.546875
1736212434656670,32.546875
1736212435656672,32.546875
1736212436656673,32.546875
1736212437656675,32.5546875
1736212438656676,32.546875
1736212439656678,32.5546875
1736212440656680,32.53125
1736212441656681,32.5390625
1736212442656683,32.5625
1736212443656684,32.546875
1736212444656686,32.546875
1736212445656688,32.5390625
1736212446656689,32.546875
1736212447656691,32.5625
1736212448656692,32.5546875
1736212449656694,32.546875
1736212450656696,32.5625
1736212451656697,32.5546875
1736212452656699,32.546875
1736212453656700,32.5390625
1736212454656702,32.5625
1736212455656704,32.5625
1736212456656705,32.5546875
1736212457656707,32.5546875
1736212458656708,32.5546875
1736212459656710,32.5546875
1736212460656712,32.5625
1736212461656714,32.5546875
1736212462656715,32.5625
1736212463656717,32.5546875
1736212464656718,32.5625
1736212465656720,32.5703125
1736212466656722,32.578125
1736212467656723,32.578125
1736212468656725,32.5703125
1736212469656726,32.578125
1736212470656728,32.5703125
1736212471656730,32.5625
1736212472656731,32.5703125
1736212473656733,32.5703125
1736212474656734,32.5703125
1736212475656736,32.578125
1736212476656738,32.5625
1736212477656739,32.5703125
1736212478656741,32.5625
1736212479656742,32.5703125
1736212480656744,32.578125
1736212481656746,32.578125
1736212482656747,32.578125
1736212483656749,32.5703125
1736212484656750,32.5859375
1736212485656752,32.5703125
1736212486656754,32.578125
1736212487656755,32.5703125
1736212488656757,32.578125
1736212489656758,32.5703125
1736212490656760,32.5859375
1736212491656762,32.5859375
1736212492656763,32.5859375
1736212493656765,32.578125
1736212494656766,32.578125
1736212495656768,32.59375
1736212496656770,32.5859375
1736212497656771,32.5859375
1736212498656773,32.609375
1736212499656774,32.5859375
1736212500656776,32.6015625
1736212501656778,32.5859375
1736212502656780,32.6015625
1736212503656781,32.59375
1736212504656782,32.59375
1736212505656784,32.5859375
1736212506656786,32.6171875
1736212507656788,32.6015625
1736212508656789,32.609375
1736212509656791,32.59375
1736212510656792,32.609375
1736212511656794,32.609375
1736212512656796,32.609375
1736212513656797,32.609375
1736212514656799,32.6171875
1736212515656800,32.59375
1736212516656802,32.625
1736212517656804,32.6171875
1736212518656805,32.6015625
1736212519656807,32.6015625
1736212520656808,32.6015625
1736212521656810,32.609375
1736212522656812,32.609375
1736212523656813,32.609375
1736212524656815,32.6015625
1736212525656816,32.625
1736212526656818,32.6328125
1736212527656820,32.6015625
1736212528656821,32.625
1736212529656823,32.625
1736212530656824,32.6015625
1736212531656826,32.609375
1736212532656828,32.6328125
1736212533656829,32.6015625
1736212534656831,32.6171875
1736212535656832,32.6328125
1736212536656834,32.6328125
1736212537656836,32.6328125
1736212538656837,32.625
1736212539656839,32.625
1736212540656840,32.6328125
1736212541656842,32.625
1736212542656844,32.625
1736212543656845,32.6484375
1736212544656847,32.640625
1736212545656848,32.640625
1736212546656850,32.6484375
1736212547656852,32.640625
1736212548656854,32.640625
1736212549656855,32.6328125
1736212550656857,32.6328125
1736212551656858,32.6484375
1736212552656860,32.6484375
1736212553656862,32.6328125
1736212554656863,32.6484375
1736212555656865,32.640625
1736212556656866,32.6484375
1736212557656868,32.6484375
1736212558656870,32.640625
1736212559656871,32.6484375
1736212560656873,32.640625
1736212561656874,32.6171875
1736212562656876,32.6484375
1736212563656878,32.6484375
1736212564656879,32.625
1736212565656881,32.6484375
1736212566656882,32.6484375
1736212567656884,32.640625
1736212568656886,32.65625
1736212569656887,32.65625
1736212570656889,32.6484375
1736212571656890,32.6328125
1736212572656892,32.6484375
1736212573656894,32.6484375
1736212574656895,32.65625
1736212575656897,32.6484375
1736212576656898,32.65625
1736212577656900,32.6484375
1736212578656902,32.640625
1736212579656903,32.6640625
1736212580656905,32.6484375
1736212581656906,32.6484375
1736212582656908,32.6484375
1736212583656910,32.6484375
1736212584656911,32.6484375
1736212585656913,32.65625
1736212586656914,32.65625
1736212587656916,32.6484375
1736212588656918,32.65625
1736212589656920,32.6484375
1736212590656921,32.65625
1736212591656922,32.65625
1736212592656924,32.640625
1736212593656926,32.6484375
1736212594656928,32.671875
1736212595656929,32.640625
1736212596656931,32.65625
1736212597656932,32.6640625
1736212598656934,32.6328125
1736212599656936,32.6328125
1736212600656937,32.65625
1736212601656939,32.65625
1736212602656940,32.65625
1736212603656942,32.671875
1736212604656944,32.6640625
1736212605656945,32.6640625
1736212606656947,32.6484375
1736212607656948,32.6640625
1736212608656950,32.671875
1736212609656952,32.671875
1736212610656953,32.640625
1736212611656955,32.671875
1736212612656956,32.6640625
1736212613656958,32.6640625
1736212614656960,32.6640625
1736212615656961,32.65625
1736212616656963,32.6640625
1736212617656964,32.65625
1736212618656966,32.6640625
1736212619656968,32.6640625
1736212620656969,32.671875
1736212621656971,32.6640625
1736212622656972,32.671875
1736212623656974,32.6640625
1736212624656976,32.6640625
1736212625656977,32.671875
1736212626656979,32.6640625
1736212627656980,32.6640625
1736212628656982,32.6796875
1736212629656984,32.6640625
1736212630656986,32.6796875
1736212631656987,32.671875
1736212632656988,32.6796875
1736212633656990,32.6796875
1736212634656992,32.6796875
1736212635656994,32.65625
1736212636656995,32.6796875
1736212637656997,32.671875
1736212638656998,32.671875
1736212639657000,32.6796875
1736212640657002,32.6796875
1736212641657003,32.6875
1736212642657005,32.671875
1736212643657006,32.6640625
1736212644657008,32.6875
1736212645657010,32.6640625
1736212646657011,32.671875
1736212647657013,32.6796875
1736212648657014,32.671875
